id;ref;payee;payer;target_id;payment_type;provider;amount;tax;total;status;date_and_time
1;Soap Guernsey;hacking haptic;Polarised;Chair;Practical;wireless Optimization;81878;20680;74131;deploy;2020-01-01T20:24:33
2;copy hack;matrix;Alabama Accountability digital;Incredible Belarussian Ruble;Keyboard;framework;50235;248;65405;bandwidth Berkshire system engine;2020-01-01T22:01:51
3;Soft redundant;Route;Gorgeous Soft Hat;Key;throughput EXE;compressing leading edge;89274;19504;3132;back-end task-force;2020-01-01T06:26:57
4;United States Minor Outlying Islands Designer indigo;override AI Aruban Guilder;Nuevo Sol exploit Table;Rubber;Monitored Kentucky SDD;capacitor Assistant;54353;5969;55386;program New Zealand;2020-01-01T17:17:09
5;Illinois Beauty;deposit connecting Kids;Accountability Cedi;protocol Accounts optical;Regional Borders multi-state;supply-chains;57059;79024;28915;Shoes;2020-01-01T08:41:31
6;Intelligent Rubber Chair wireless Intelligent;alarm Saint Helena;Malaysian Ringgit methodology Intelligent Frozen Shirt;Car incubate;invoice Administrator EXE;lime Money Market Account action-items;87537;75770;15135;Incredible Handmade Right-sized;2020-01-01T06:22:32
7;neural-net South Dakota Wooden;Cross-platform Soap Response;Implemented payment deposit;Engineer Manager;Orchestrator Borders Sleek;Guinea Franc Electronics online;6546;22203;20003;Georgia Savings Account synthesizing;2020-01-01T13:10:13
8;Borders Division Northern Mariana Islands;Home Berkshire Future-proofed;Oregon;microchip;Customer-focused;Principal Corporate interface;25671;61413;20228;Fish;2020-01-01T14:21:32
9;schemas engineer Tanzanian Shilling;indexing card Developer;Open-source Tactics incentivize;Cape Verde Escudo Specialist;data-warehouse Berkshire;auxiliary definition;33363;40546;36895;withdrawal;2020-01-01T15:55:58
10;Garden navigating;Wall Home Loan Account;plug-and-play ivory;dynamic Assimilated;rich Baby mobile;mobile Licensed;47025;76417;89838;driver;2020-01-01T12:55:43
